text,category
We are experiencing production database timeouts during peak operational hours. (ID Token: #5045),TECHNICAL
Where can I read your official updated privacy policy and user data governance regulations? (ID Token: #5034) Quick side note: I still haven't received my updated payroll tax forms.,GENERAL
"Hello, I am reaching out hoping you can help me clarify an issue. We are experiencing production database timeouts during peak operational hours. (ID Token: #5075)",TECHNICAL
Can you provide a simple overview of what services your enterprise plan covers compared to standard? (ID Token: #5069) Quick side note: I still haven't received my updated payroll tax forms.,GENERAL
Where is your corporate headquarters physical street address? Need to mail system hardware back.,GENERAL
"Hello, I am reaching out hoping you can help me clarify an issue. Where can I find the updated receipt for my annual renewal transaction? (ID Token: #5073) Please look into this as soon as possible.",BILLING
The latest software patch broke our custom CSS layout styling on the main user dashboard. (ID Token: #5032) Please look into this as soon as possible.,TECHNICAL
"I cannot see the submit button on my profile setup page, it is missing from the interface. (ID Token: #5037)",TECHNICAL
"Hello, I am reaching out hoping you can help me clarify an issue. I was charged twice this month for my subscription plan. (ID Token: #5030) By the way, the mobile login page is running incredibly slow today.",BILLING
"Our company needs to switch our monthly billing method from a standard credit card to a corporate bank wire transfer. (ID Token: #5072) Let me know if you need more details from my end. By the way, the mobile login page is running incredibly slow today.",BILLING
"Hello, I am reaching out hoping u can help me clarify an issue. I was charged twice this month for my subscription plan. (ID Token: #5070)",BILLING
"My payment failed yesterday, but funds were still deducted from my account. Please verify. (ID Token: #5094) By the way, the mobile login page is running incredibly slow today.",BILLING
"Quick question for someone over there, Who is the current CEO of the organization and where can I find the executive leadership page? (ID Token: #5068) Quick side note: I still haven't received my updated payroll tax forms.",GENERAL
Hey! Just reaching out because I was charged twice this month for my subscription plan. (ID Token: #5090) Please look into this as soon as possible.,BILLING
Is there an official community slack channel or discord forum where users can share tips? (ID Token: #5026) Quick side note: I still haven't received my updated payroll tax forms.,GENERAL
I need an official employment verification statement sent to my home address immediately thnx.,HR
"Quick question for someone over there, Our accounting department is requesting a clean copy of your corporate W-9 form for tax filing. (ID Token: #5009)",BILLING
"Hello, I am reaching out hoping you can help me clarify an issue. How do I adjust my contributions to the corporate retirement savings and 401k matching program? (ID Token: #5047)",HR
"Quick question for someone over there, The text font rendering on the settings portal looks completely broken on safari browsers. (ID Token: #5096) Also, could u advise where I can fetch my monthly billing receipt?",TECHNICAL
Sorry for the interruption but How do I update my direct deposit bank routing form on the employee portal? (ID Token: #5031),HR
"The latest software patch broke our custom CSS layout styling on the main user dashboard. (ID Token: #5092) Also, could you advise where I can fetch my monthly billing receipt?",TECHNICAL
Sorry for the interruption but Who do I contact to upload my updated professional development certification for a salary tier review? (ID Token: #5039),HR
"I wanted to leave some positive feedback regarding the new UI interface, it looks much cleaner. (ID Token: #5047) Let me know if you need more details from my end.",GENERAL
Hey! Just reaching out because I need to formally process a legal name change on my employee profile due to marriage. (ID Token: #5028),HR
Sorry for the interruption but We need to update our corporate billing address and company VAT number on all future statements. (ID Token: #5055),BILLING
"Sorry for the interruption but Can you direct me to the media relations contact email address for corporate press kits? (ID Token: #5053) Best regards,",GENERAL
"Hello, I am reaching out hoping you can help me clarify an issue. Can you adjust our seat count? We scaled down our team and need a pro-rated credit adjustment. (ID Token: #5056) Please look into this as soon as possible.",BILLING
How do I adjust my contributions to the corporate retirement savings and 401k matching program? (ID Token: #5097),HR
"Hello, I am reaching out hoping u can help me clarify an issue. How do I update my direct deposit bank routing form on the employee portal? (ID Token: #5071) Best regards,",HR
Our accounting department is requesting a clean copy of your corporate W-9 form for tax filing. (ID Token: #5079) Thanks in advance for ur swift assistance!,BILLING
Sorry for the interruption but Can u provide a simple overview of what services ur enterprise plan covers compared to standard? (ID Token: #5029),GENERAL
The text font rendering on the settings portal looks completely broken on safari browsers. (ID Token: #5016) Let me know if u need more details from my end.,TECHNICAL
I need to formally process a legal name change on my employee profile due to marriage. (ID Token: #5008),HR
The single sign-on (SSO) login system is failing to authenticate users from our active directory. (ID Token: #5094),TECHNICAL
"I wanted to leave some positive feedback regarding the new UI interface, it looks much cleaner. (ID Token: #5037) Best regards,",GENERAL
"Hey! Just reaching out because The single sign-on (SSO) login system is failing to authenticate users from our active directory. (ID Token: #5084) Also, could you advise where I can fetch my monthly billing receipt?",TECHNICAL
"Hello, I am reaching out hoping you can help me clarify an issue. I need to formally process a legal name change on my employee profile due to marriage. (ID Token: #5018) Let me know if you need more details from my end.",HR
"Quick question for someone over there, Our accounting department is requesting a clean copy of your corporate W-9 form for tax filing. (ID Token: #5039)",BILLING
"Hey! Just reaching out because Our custom domain configuration is throwing an SSL handshake invalid error. (ID Token: #5068) Also, could you advise where I can fetch my monthly billing receipt?",TECHNICAL
I would like to request an official employment verification letter with corporate seals for a mortgage. (ID Token: #5062),HR
Sorry for the interruption but We need to update our corporate billing address and company VAT number on all future statements. (ID Token: #5075),BILLING
Can you adjust our seat count? We scaled down our team and need a pro-rated credit adjustment. (ID Token: #5076) Thanks in advance for ur swift assistance!,BILLING
What time do your support offices open today? I am a new employee looking for the calendar schedule.,GENERAL
Where can I find the updated receipt for my annual renewal transaction? (ID Token: #5033),BILLING
Hey! Just reaching out because Our API integration is dropping webhooks randomly with 500 server errors. (ID Token: #5013),TECHNICAL
Hey! Just reaching out because What time do ur support offices open today or do u run a limited schedule over weekends? (ID Token: #5075) Thanks in advance for ur swift assistance! Quick side note: I still haven't received my updated payroll tax forms.,GENERAL
Sorry for the interruption but Our custom domain configuration is throwing an SSL handshake invalid error. (ID Token: #5048),TECHNICAL
"Hi support team, hope ur having an amazing day. I need to report an error in my digital payslip regarding my medical allowance calculation. (ID Token: #5094) Best regards,",HR
"Sorry for the interruption but I wanted to leave some positive feedback regarding the new UI interface, it looks much cleaner. (ID Token: #5067) Quick side note: I still haven't received my updated payroll tax forms.",GENERAL
We need to update our corporate billing address and company VAT number on all future statements. (ID Token: #5015),BILLING
"Hey! Just reaching out because Where should our vendors send our physical invoices this month? (ID Token: #5078) Thanks in advance for ur swift assistance! By the way, the mobile login page is running incredibly slow today.",BILLING
"Quick question for someone over there, I wanted to leave some positive feedback regarding the new UI interface, it looks much cleaner. (ID Token: #5017) Best regards,",GENERAL
I was charged twice this month for my subscription plan. (ID Token: #5000) Let me know if you need more details from my end.,BILLING
Sorry for the interruption but Our accounting department is requesting a clean copy of ur corporate W-9 form for tax filing. (ID Token: #5019) Please look into this as soon as possible.,BILLING
Can you provide a simple overview of what services your enterprise plan covers compared to standard? (ID Token: #5099) Quick side note: I still haven't received my updated payroll tax forms.,GENERAL
Hey! Just reaching out because I need to formally process a legal name change on my employee profile due to marriage. (ID Token: #5078) Thanks in advance for ur swift assistance!,HR
"Quick question for someone over there, When will the updated payroll schedules and tax forms be released for this year? (ID Token: #5080)",HR
Hey! Just reaching out because How do I adjust my contributions to the corporate retirement savings and 401k matching program? (ID Token: #5077),HR
"I received a past due notice, but I paid the invoice last week. Here is the confirmation record. (ID Token: #5077) By the way, the mobile login page is running incredibly slow today.",BILLING
Our company needs to switch our monthly billing method from a standard credit card to a corporate bank wire transfer. (ID Token: #5082),BILLING
Is there an official community slack channel or discord forum where users can share tips? (ID Token: #5056),GENERAL
"Quick question for someone over there, The single sign-on (SSO) login system is failing to authenticate users from our active directory. (ID Token: #5004) Please look into this as soon as possible.",TECHNICAL
"Hi support team, hope ur having an amazing day. We need to update our corporate billing address and company VAT number on all future statements. (ID Token: #5025) Thanks in advance for ur swift assistance! By the way, the mobile login page is running incredibly slow today.",BILLING
"Hi support team, hope ur having an amazing day. Can you provide a simple overview of what services your enterprise plan covers compared to standard? (ID Token: #5079)",GENERAL
"Hi support team, hope ur having an amazing day. The latest software patch broke our custom CSS layout styling on the main user dashboard. (ID Token: #5072)",TECHNICAL
Sorry for the interruption but Is there an official community slack channel or discord forum where users can share tips? (ID Token: #5066) Please look into this as soon as possible.,GENERAL
I am planning an extended medical leave next quarter and need the legal medical leave request documents. (ID Token: #5066),HR
"Hi support team, hope ur having an amazing day. Our company needs to switch our monthly billing method from a standard credit card to a corporate bank wire transfer. (ID Token: #5042)",BILLING
Sorry for the interruption but Our API integration is dropping webhooks randomly with 500 server errors. (ID Token: #5073),TECHNICAL
"Hi support team, hope ur having an amazing day. What are your core operating hours and standard holiday calendar dates? (ID Token: #5070) Let me know if you need more details from my end.",GENERAL
"The single sign-on (SSO) login system is failing to authenticate users from our active directory. (ID Token: #5024) Best regards,",TECHNICAL
Is there an open public roadmap page where users can submit and vote on upcoming platform feature requests? (ID Token: #5062),GENERAL
"I am planning an extended medical leave next quarter and need the legal medical leave request documents. (ID Token: #5096) Best regards,",HR
I would like to request an official employment verification letter with corporate seals for a mortgage. (ID Token: #5072),HR
Our company needs to switch our monthly billing method from a standard credit card to a corporate bank wire transfer. (ID Token: #5022) Let me know if u need more details from my end.,BILLING
Can u adjust our seat count? We scaled down our team and need a pro-rated credit adjustment. (ID Token: #5046) Let me know if u need more details from my end.,BILLING
"I need to report an error in my digital payslip regarding my medical allowance calculation. (ID Token: #5084) Best regards,",HR
Where can I find the updated receipt for my annual renewal transaction? (ID Token: #5093) Let me know if you need more details from my end.,BILLING
Our API webhooks are dropping data and the SSO login system is failing entirely today urgnt.,TECHNICAL
"I can't see the submit payment button on my account screen, the visual layout formatting looks totally broken.",TECHNICAL
"I received a past due notice, but I paid the invoice last week. Here is the confirmation record. (ID Token: #5057)",BILLING
How do I edit my direct deposit routing numbers? The payment screen text field won't let me type.,HR
"My payment failed yesterday, but funds were still deducted from my account. Please verify. (ID Token: #5024)",BILLING
"Quick question for someone over there, I received a past due notice, but I paid the invoice last week. Here is the confirmation record. (ID Token: #5017)",BILLING
Can u adjust our seat count? We scaled down our team and need a pro-rated credit adjustment. (ID Token: #5066),BILLING
My password reset link is not working and throws an expired token page. (ID Token: #5031),TECHNICAL
"Hi support team, hope ur having an amazing day. Can you please process a refund for invoice number #4492? (ID Token: #5031)",BILLING
"My payment failed yesterday, but funds were still deducted from my account. Please verify. (ID Token: #5084)",BILLING
"Quick question for someone over there, Who do I contact to upload my updated professional development certification for a salary tier review? (ID Token: #5089)",HR
"Sorry for the interruption but Where is ur corporate headquarters physical street address located for mailing purposes? (ID Token: #5071) Best regards,",GENERAL
Can you direct me to the media relations contact email address for corporate press kits? (ID Token: #5033),GENERAL
Our API integration is dropping webhooks randomly with 500 server errors. (ID Token: #5053),TECHNICAL
I am planning an extended medical leave next quarter and need the legal medical leave request documents. (ID Token: #5046),HR
Sorry for the interruption but I need to report an error in my digital payslip regarding my medical allowance calculation. (ID Token: #5004),HR
When will the updated payroll schedules and tax forms be released for this year? (ID Token: #5010),HR
We need to update our corporate billing address and company VAT number on all future statements. (ID Token: #5005),BILLING
"Hi support team, hope ur having an amazing day. We need to update our corporate billing address and company VAT number on all future statements. (ID Token: #5045) Please look into this as soon as possible. By the way, the mobile login page is running incredibly slow today.",BILLING
How do I update my direct deposit bank routing form on the employee portal? (ID Token: #5081),HR
Our accounting office needs to switch to corporate wire transfer. Where do we send payroll info?,BILLING
Where is your corporate headquarters physical street address located for mailing purposes? (ID Token: #5061),GENERAL
"Quick question for someone over there, What is the submission deadline for filing our quarterly dental and health insurance reimbursement claims? (ID Token: #5065)",HR
Can you adjust our seat count? We scaled down our team and need a pro-rated credit adjustment. (ID Token: #5016),BILLING
"Who is the current CEO of the organization and where can I find the executive leadership page? (ID Token: #5088) Best regards, Quick side note: I still haven't received my updated payroll tax forms.",GENERAL
I need to formally process a legal name change on my employee profile due to marriage. (ID Token: #5048),HR
"Hi support team, hope ur having an amazing day. Is there an open public roadmap page where users can submit and vote on upcoming platform feature requests? (ID Token: #5002)",GENERAL
"Where can I find the updated receipt for my annual renewal transaction? (ID Token: #5003) Let me know if you need more details from my end. By the way, the mobile login page is running incredibly slow today.",BILLING
Where should our vendors send our physical invoices this month? (ID Token: #5018),BILLING
Sorry for the interruption but Can you direct me to the media relations contact email address for corporate press kits? (ID Token: #5093),GENERAL
"Quick question for someone over there, I was charged twice this month for my subscription plan. (ID Token: #5060)",BILLING
"Hi support team, hope ur having an amazing day. Can someone explain the rollover rules for unused paid time off (PTO) at the end of the calendar year? (ID Token: #5003)",HR
"Hi support team, hope ur having an amazing day. The single sign-on (SSO) login system is failing to authenticate users from our active directory. (ID Token: #5054) Thanks in advance for ur swift assistance! Also, could u advise where I can fetch my monthly billing receipt?",TECHNICAL
"Quick question for someone over there, Where can I find the updated receipt for my annual renewal transaction? (ID Token: #5063)",BILLING
"Hi support team, hope ur having an amazing day. The mobile application keeps crashing every time I try to upload a file. (ID Token: #5010)",TECHNICAL
"Quick question for someone over there, Where is your corporate headquarters physical street address located for mailing purposes? (ID Token: #5011)",GENERAL
"Hi support team, hope ur having an amazing day. Is there an open public roadmap page where users can submit and vote on upcoming platform feature requests? (ID Token: #5012)",GENERAL
"The text font rendering on the settings portal looks completely broken on safari browsers. (ID Token: #5026) Best regards,",TECHNICAL
"Hello, I am reaching out hoping you can help me clarify an issue. Can you direct me to the media relations contact email address for corporate press kits? (ID Token: #5023)",GENERAL
Is there an official community slack channel or discord forum where users can share tips? (ID Token: #5046),GENERAL
Is there an open public roadmap page where users can submit and vote on upcoming platform feature requests? (ID Token: #5082),GENERAL
"Quick question for someone over there, Can you adjust our seat count? We scaled down our team and need a pro-rated credit adjustment. (ID Token: #5026)",BILLING
"Hello, I am reaching out hoping u can help me clarify an issue. I received a past due notice, but I paid the invoice last week. Here is the confirmation record. (ID Token: #5007) Thanks in advance for ur swift assistance!",BILLING
The backend system fails to sync data when users try to update their account preferences. (ID Token: #5099),TECHNICAL
Where is your corporate headquarters physical street address located for mailing purposes? (ID Token: #5091) Let me know if you need more details from my end. Quick side note: I still haven't received my updated payroll tax forms.,GENERAL
"Hello, I am reaching out hoping u can help me clarify an issue. Our custom domain configuration is throwing an SSL handshake invalid error. (ID Token: #5008) Best regards, Also, could u advise where I can fetch my monthly billing receipt?",TECHNICAL
"Hi support team, hope ur having an amazing day. My password reset link is not working and throws an expired token page. (ID Token: #5001) Please look into this as soon as possible. Also, could you advise where I can fetch my monthly billing receipt?",TECHNICAL
Who is the current CEO of the organization and where can I find the executive leadership page? (ID Token: #5058) Thanks in advance for ur swift assistance!,GENERAL
"Sorry for the interruption but Our accounting department is requesting a clean copy of your corporate W-9 form for tax filing. (ID Token: #5029) By the way, the mobile login page is running incredibly slow today.",BILLING
The mobile application keeps crashing every time I try to upload a file. (ID Token: #5040),TECHNICAL
Sorry for the interruption but Is there an open public roadmap page where users can submit and vote on upcoming platform feature requests? (ID Token: #5092),GENERAL
"Hi support team, hope ur having an amazing day. Our custom domain configuration is throwing an SSL handshake invalid error. (ID Token: #5018)",TECHNICAL
Sorry for the interruption but The single sign-on (SSO) login system is failing to authenticate users from our active directory. (ID Token: #5014) Please look into this as soon as possible.,TECHNICAL
Sorry for the interruption but I need to formally process a legal name change on my employee profile due to marriage. (ID Token: #5098),HR
"Quick question for someone over there, I need to formally process a legal name change on my employee profile due to marriage. (ID Token: #5068)",HR
"My password reset link is not working and throws an expired token page. (ID Token: #5041) Best regards,",TECHNICAL
"We are experiencing production database timeouts during peak operational hours. (ID Token: #5055) Please look into this as soon as possible. Also, could you advise where I can fetch my monthly billing receipt?",TECHNICAL
Hey! Just reaching out because Can you direct me to the media relations contact email address for corporate press kits? (ID Token: #5073),GENERAL
Hey! Just reaching out because What are your core operating hours and standard holiday calendar dates? (ID Token: #5010) Please look into this as soon as possible.,GENERAL
"How do I update my direct deposit bank routing form on the employee portal? (ID Token: #5011) Best regards,",HR
The latest software patch broke our custom CSS layout styling on the main user dashboard. (ID Token: #5052),TECHNICAL
"Hello, I am reaching out hoping you can help me clarify an issue. When will the updated payroll schedules and tax forms be released for this year? (ID Token: #5090) Let me know if you need more details from my end.",HR
The backend system fails to sync data when users try to update their account preferences. (ID Token: #5009),TECHNICAL
Sorry for the interruption but The mobile application keeps crashing every time I try to upload a file. (ID Token: #5080),TECHNICAL
"Hello, I am reaching out hoping you can help me clarify an issue. Our API integration is dropping webhooks randomly with 500 server errors. (ID Token: #5093)",TECHNICAL
"I cannot see the submit button on my profile setup page, it is missing from the interface. (ID Token: #5057) Thanks in advance for ur swift assistance!",TECHNICAL
"Hi support team, hope ur having an amazing day. My password reset link is not working and throws an expired token page. (ID Token: #5081) Thanks in advance for ur swift assistance!",TECHNICAL
Sorry for the interruption but Where can I find the updated receipt for my annual renewal transaction? (ID Token: #5083),BILLING
"Quick question for someone over there, I cannot see the submit button on my profile setup page, it is missing from the interface. (ID Token: #5077)",TECHNICAL
"We are experiencing production database timeouts during peak operational hours. (ID Token: #5065) Also, could you advise where I can fetch my monthly billing receipt?",TECHNICAL
"My payment failed yesterday, but funds were still deducted from my account. Please verify. (ID Token: #5074) Best regards,",BILLING
"Hi support team, hope ur having an amazing day. Who do I contact to upload my updated professional development certification for a salary tier review? (ID Token: #5009) Let me know if you need more details from my end.",HR
"Quick question for someone over there, The backend system fails to sync data when users try to update their account preferences. (ID Token: #5019)",TECHNICAL
"Hello, I am reaching out hoping you can help me clarify an issue. I would like to request an official employment verification letter with corporate seals for a mortgage. (ID Token: #5022)",HR
Who do I contact to upload my updated professional development certification for a salary tier review? (ID Token: #5049),HR
I need to formally process a legal name change on my employee profile due to marriage. (ID Token: #5038),HR
Sorry for the interruption but Is there an open public roadmap page where users can submit and vote on upcoming platform feature requests? (ID Token: #5032) Quick side note: I still haven't received my updated payroll tax forms.,GENERAL
"Hey! Just reaching out because I wanted to leave some positive feedback regarding the new UI interface, it looks much cleaner. (ID Token: #5077) Thanks in advance for ur swift assistance!",GENERAL
"Hello, I am reaching out hoping you can help me clarify an issue. What are your core operating hours and standard holiday calendar dates? (ID Token: #5050)",GENERAL
"Quick question for someone over there, Who is the current CEO of the organization and where can I find the executive leadership page? (ID Token: #5078) Thanks in advance for ur swift assistance!",GENERAL
What time do your support offices open today or do you run a limited schedule over weekends? (ID Token: #5025) Let me know if you need more details from my end.,GENERAL
Who is the current CEO of the organization and where can I find the executive leadership page? (ID Token: #5038),GENERAL
"Hello, I am reaching out hoping u can help me clarify an issue. Can u adjust our seat count? We scaled down our team and need a pro-rated credit adjustment. (ID Token: #5036) Thanks in advance for ur swift assistance! By the way, the mobile login page is running incredibly slow today.",BILLING
The backend system fails to sync data when users try to update their account preferences. (ID Token: #5039),TECHNICAL
Where is ur corporate headquarters physical street address located for mailing purposes? (ID Token: #5051) Please look into this as soon as possible.,GENERAL
The text font rendering on the settings portal looks completely broken on safari browsers. (ID Token: #5076),TECHNICAL
"Hi support team, hope ur having an amazing day. What is the submission deadline for filing our quarterly dental and health insurance reimbursement claims? (ID Token: #5025) Best regards,",HR
Sorry for the interruption but Where is ur corporate headquarters physical street address located for mailing purposes? (ID Token: #5001),GENERAL
"Sorry for the interruption but Our accounting department is requesting a clean copy of your corporate W-9 form for tax filing. (ID Token: #5059) By the way, the mobile login page is running incredibly slow today.",BILLING
"Quick question for someone over there, My password reset link is not working and throws an expired token page. (ID Token: #5011)",TECHNICAL
Sorry for the interruption but Where is your corporate headquarters physical street address located for mailing purposes? (ID Token: #5031) Please look into this as soon as possible.,GENERAL
"Hey! Just reaching out because Our custom domain configuration is throwing an SSL handshake invalid error. (ID Token: #5098) Also, could you advise where I can fetch my monthly billing receipt?",TECHNICAL
"Hello, I am reaching out hoping you can help me clarify an issue. Can you adjust our seat count? We scaled down our team and need a pro-rated credit adjustment. (ID Token: #5006) Thanks in advance for ur swift assistance!",BILLING
Sorry for the interruption but What time do your support offices open today or do you run a limited schedule over weekends? (ID Token: #5005),GENERAL
How do I update my direct deposit bank routing form on the employee portal? (ID Token: #5091),HR
Our custom domain configuration is throwing an SSL handshake invalid error. (ID Token: #5058),TECHNICAL
The mobile application keeps crashing every time I try to upload a file. (ID Token: #5050),TECHNICAL
"I was charged twice this month for my subscription plan. (ID Token: #5010) By the way, the mobile login page is running incredibly slow today.",BILLING
"Hi support team, hope ur having an amazing day. When will the updated payroll schedules and tax forms be released for this year? (ID Token: #5020) Please look into this as soon as possible.",HR
"Our API integration is dropping webhooks randomly with 500 server errors. (ID Token: #5003) Also, could u advise where I can fetch my monthly billing receipt?",TECHNICAL
"Hi support team, hope ur having an amazing day. Can you please process a refund for invoice number #4492? (ID Token: #5081) By the way, the mobile login page is running incredibly slow today.",BILLING
What are your core operating hours and standard holiday calendar dates? (ID Token: #5090),GENERAL
What time do your support offices open today or do you run a limited schedule over weekends? (ID Token: #5065) Please look into this as soon as possible. Quick side note: I still haven't received my updated payroll tax forms.,GENERAL
"Hello, I am reaching out hoping u can help me clarify an issue. I cannot see the submit button on my profile setup page, it is missing from the interface. (ID Token: #5067) Please look into this as soon as possible.",TECHNICAL
Where can I read your official updated privacy policy and user data governance regulations? (ID Token: #5094) Thanks in advance for ur swift assistance! Quick side note: I still haven't received my updated payroll tax forms.,GENERAL
How do I adjust my contributions to the corporate retirement savings and 401k matching program? (ID Token: #5037),HR
"Hello, I am reaching out hoping you can help me clarify an issue. I need to report an error in my digital payslip regarding my medical allowance calculation. (ID Token: #5044) Best regards,",HR
Sorry for the interruption but Is there an official community slack channel or discord forum where users can share tips? (ID Token: #5096),GENERAL
My digital payslip has an incorrect medical allowance calculation metric. Who do I speak to?,HR
Our accounting department is requesting a clean copy of ur corporate W-9 form for tax filing. (ID Token: #5089),BILLING
"Hello, I am reaching out hoping you can help me clarify an issue. Can someone explain the rollover rules for unused paid time off (PTO) at the end of the calendar year? (ID Token: #5023)",HR
Sorry for the interruption but Our API integration is dropping webhooks randomly with 500 server errors. (ID Token: #5063) Let me know if u need more details from my end.,TECHNICAL
"We are experiencing production database timeouts during peak operational hours. (ID Token: #5095) Best regards, Also, could you advise where I can fetch my monthly billing receipt?",TECHNICAL
"I cannot see the submit button on my profile setup page, it is missing from the interface. (ID Token: #5047)",TECHNICAL
"Hello, I am reaching out hoping you can help me clarify an issue. Our company needs to switch our monthly billing method from a standard credit card to a corporate bank wire transfer. (ID Token: #5002) Please look into this as soon as possible. By the way, the mobile login page is running incredibly slow today.",BILLING
Our company needs to switch our monthly billing method from a standard credit card to a corporate bank wire transfer. (ID Token: #5092) Please look into this as soon as possible.,BILLING
"Hey! Just reaching out because Our accounting department is requesting a clean copy of ur corporate W-9 form for tax filing. (ID Token: #5069) Best regards,",BILLING
"Hi support team, hope ur having an amazing day. How do I adjust my contributions to the corporate retirement savings and 401k matching program? (ID Token: #5027)",HR
"Hello, I am reaching out hoping u can help me clarify an issue. Our API integration is dropping webhooks randomly with 500 server errors. (ID Token: #5023)",TECHNICAL
"Can you adjust our seat count? We scaled down our team and need a pro-rated credit adjustment. (ID Token: #5096) Let me know if you need more details from my end. By the way, the mobile login page is running incredibly slow today.",BILLING
Our API integration is dropping webhooks randomly with 500 server errors. (ID Token: #5043),TECHNICAL
Sorry for the interruption but Where is your corporate headquarters physical street address located for mailing purposes? (ID Token: #5021) Please look into this as soon as possible.,GENERAL
"Quick question for someone over there, Can u provide a simple overview of what services ur enterprise plan covers compared to standard? (ID Token: #5089)",GENERAL
"Hi support team, hope ur having an amazing day. I received a past due notice, but I paid the invoice last week. Here is the confirmation record. (ID Token: #5097) By the way, the mobile login page is running incredibly slow today.",BILLING
Sorry for the interruption but Is there an open public roadmap page where users can submit and vote on upcoming platform feature requests? (ID Token: #5052) Let me know if you need more details from my end.,GENERAL
"Where should our vendors send our physical invoices this month? (ID Token: #5068) Please look into this as soon as possible. By the way, the mobile login page is running incredibly slow today.",BILLING
Where can I find the updated receipt for my annual renewal transaction? (ID Token: #5023) Thanks in advance for ur swift assistance!,BILLING
"I received a past due notice, but I paid the invoice last week. Here is the confirmation record. (ID Token: #5037) Please look into this as soon as possible.",BILLING
Hey! Just reaching out because The single sign-on (SSO) login system is failing to authenticate users from our active directory. (ID Token: #5044),TECHNICAL
"The latest software patch broke our custom CSS laut styling on the main user dashboard. (ID Token: #5022) Best regards,",TECHNICAL
"Hey! Just reaching out because Who do I contact to upload my updated professional development certification for a salary tier review? (ID Token: #5029) Best regards,",HR
"Hello, I am reaching out hoping u can help me clarify an issue. I would like to request an official employment verification letter with corporate seals for a mortgage. (ID Token: #5002) Let me know if u need more details from my end.",HR
The latest software patch broke our custom CSS layout styling on the main user dashboard. (ID Token: #5082),TECHNICAL
"I received a past due notice, but I paid the invoice last week. Here is the confirmation record. (ID Token: #5067)",BILLING
"Sorry for the interruption but Is there an open public roadmap page where users can submit and vote on upcoming platform feature requests? (ID Token: #5042) Best regards,",GENERAL
"Hey, I can't log in to my account portal to download the monthly subscription invoice receipt. plzz help",BILLING
What is the submission deadline for filing our quarterly dental and health insurance reimbursement claims? (ID Token: #5045),HR
When will the updated payroll schedules and tax forms be released for this year? (ID Token: #5050),HR
"Quick question for someone over there, What time do your support offices open today or do you run a limited schedule over weekends? (ID Token: #5035)",GENERAL
Can someone explain the rollover rules for unused paid time off (PTO) at the end of the calendar year? (ID Token: #5053) Please look into this as soon as possible.,HR
We are experiencing production database timeouts during peak operational hours. (ID Token: #5025),TECHNICAL
The text font rendering on the settings portal looks completely broken on safari browsers. (ID Token: #5046),TECHNICAL
"Quick question for someone over there, Where can I read ur official updated privacy policy and user data governance regulations? (ID Token: #5024) Please look into this as soon as possible. Quick side note: I still haven't received my updated payroll tax forms.",GENERAL
"Can you adjust our seat count? We scaled down our team and need a pro-rated credit adjustment. (ID Token: #5086) Best regards,",BILLING
Where can I read ur official updated privacy policy and user data governance regulations? (ID Token: #5054) Let me know if u need more details from my end.,GENERAL
Who do I contact to upload my updated professional development certification for a salary tier review? (ID Token: #5019),HR
I need to report an error in my digital payslip regarding my medical allowance calculation. (ID Token: #5034),HR
"Hi support team, hope ur having an amazing day. What time do your support offices open today or do you run a limited schedule over weekends? (ID Token: #5055)",GENERAL
Hey! Just reaching out because What are your core operating hours and standard holiday calendar dates? (ID Token: #5060),GENERAL
What is the submission deadline for filing our quarterly dental and health insurance reimbursement claims? (ID Token: #5075) Please look into this as soon as possible.,HR
What are your core operating hours and standard holiday calendar dates? (ID Token: #5020) Quick side note: I still haven't received my updated payroll tax forms.,GENERAL
"Hi support team, hope ur having an amazing day. Our API integration is dropping webhooks randomly with 500 server errors. (ID Token: #5083)",TECHNICAL
I need to report an error in my digital payslip regarding my medical allowance calculation. (ID Token: #5074),HR
"I wanted to leave some positive feedback regarding the new UI interface, it looks much cleaner. (ID Token: #5027)",GENERAL
"Hello, I am reaching out hoping you can help me clarify an issue. How do I adjust my contributions to the corporate retirement savings and 401k matching program? (ID Token: #5087)",HR
Who do I contact to upload my updated professional development certification for a salary tier review? (ID Token: #5099) Please look into this as soon as possible.,HR
"Quick question for someone over there, The backend system fails to sync data when users try to update their account preferences. (ID Token: #5029) Best regards, Also, could you advise where I can fetch my monthly billing receipt?",TECHNICAL
Hey! Just reaching out because Where should our vendors send our physical invoices this month? (ID Token: #5038),BILLING
"Can you please process a refund for invoice number #4492? (ID Token: #5011) By the way, the mobile login page is running incredibly slow today.",BILLING
"Quick question for someone over there, I am planning an extended medical leave next quarter and need the legal medical leave request documents. (ID Token: #5086)",HR
"We are experiencing production database timeouts during peak operational hours. (ID Token: #5085) Also, could u advise where I can fetch my monthly billing receipt?",TECHNICAL
Sorry for the interruption but What is the submission deadline for filing our quarterly dental and health insurance reimbursement claims? (ID Token: #5055),HR
"Hi support team, hope ur having an amazing day. The latest software patch broke our custom CSS laut styling on the main user dashboard. (ID Token: #5012) Best regards, Also, could u advise where I can fetch my monthly billing receipt?",TECHNICAL
"The backend system fails to sync data when users try to update their account preferences. (ID Token: #5079) Also, could you advise where I can fetch my monthly billing receipt?",TECHNICAL
"Quick question for someone over there, I need to formally process a legal name change on my employee profile due to marriage. (ID Token: #5058)",HR
"Hello, I am reaching out hoping you can help me clarify an issue. I wanted to leave some positive feedback regarding the new UI interface, it looks much cleaner. (ID Token: #5007)",GENERAL
"Quick question for someone over there, What is the submission deadline for filing our quarterly dental and health insurance reimbursement claims? (ID Token: #5085)",HR
What time do your support offices open today or do you run a limited schedule over weekends? (ID Token: #5095) Quick side note: I still haven't received my updated payroll tax forms.,GENERAL
"Hi support team, hope ur having an amazing day. I cannot see the submit button on my profile setup page, it is missing from the interface. (ID Token: #5017)",TECHNICAL
"I wanted to leave some positive feedback regarding the new UI interface, it looks much cleaner. (ID Token: #5087) Please look into this as soon as possible.",GENERAL
Who is the current CEO of the organization and where can I find the executive leadership page? (ID Token: #5098) Quick side note: I still haven't received my updated payroll tax forms.,GENERAL
Can you change our team seat count? Need a pro-rated credit change on my credit card stat.,BILLING
Where can I read your official updated privacy policy and user data governance regulations? (ID Token: #5004) Quick side note: I still haven't received my updated payroll tax forms.,GENERAL
Can someone explain the rollover rules for unused paid time off (PTO) at the end of the calendar year? (ID Token: #5033),HR
"Hi support team, hope ur having an amazing day. Where is your corporate headquarters physical street address located for mailing purposes? (ID Token: #5081)",GENERAL
How do I update my direct deposit bank routing form on the employee portal? (ID Token: #5061) Let me know if you need more details from my end.,HR
The single sign-on (SSO) login system is failing to authenticate users from our active directory. (ID Token: #5064),TECHNICAL
Where can I read ur official updated privacy policy and user data governance regulations? (ID Token: #5064) Let me know if u need more details from my end. Quick side note: I still haven't received my updated payroll tax forms.,GENERAL
The text font rendering on the settings portal looks completely broken on safari browsers. (ID Token: #5036),TECHNICAL
"I cannot see the submit button on my profile setup page, it is missing from the interface. (ID Token: #5097) Please look into this as soon as possible.",TECHNICAL
I would like to request an official employment verification letter with corporate seals for a mortgage. (ID Token: #5032),HR
We are experiencing production database timeouts during peak operational hours. (ID Token: #5015),TECHNICAL
Sorry for the interruption but The mobile application keeps crashing every time I try to upload a file. (ID Token: #5020),TECHNICAL
I need to report an error in my digital payslip regarding my medical allowance calculation. (ID Token: #5024),HR
What are ur core operating hours and standard holiday calendar dates? (ID Token: #5040) Please look into this as soon as possible.,GENERAL
Sorry for the interruption but Can someone explain the rollover rules for unused paid time off (PTO) at the end of the calendar year? (ID Token: #5083) Thanks in advance for ur swift assistance!,HR
"Hello, I am reaching out hoping u can help me clarify an issue. I cannot see the submit button on my profile setup page, it is missing from the interface. (ID Token: #5027)",TECHNICAL
Where can I view your updated privacy policy data laws? Side note: I need to update my tax address.,GENERAL
"I cannot see the submit button on my profile setup page, it is missing from the interface. (ID Token: #5007) Also, could you advise where I can fetch my monthly billing receipt?",TECHNICAL
Sorry for the interruption but Where can I read ur official updated privacy policy and user data governance regulations? (ID Token: #5014),GENERAL
Hey! Just reaching out because Our API integration is dropping webhooks randomly with 500 server errors. (ID Token: #5033) Let me know if u need more details from my end.,TECHNICAL
My payment failed yesterday on the checkout dashboard but the bank still deducted funds. is anyone open today?,BILLING
"My payment failed yesterday, but funds were still deducted from my account. Please verify. (ID Token: #5044) By the way, the mobile login page is running incredibly slow today.",BILLING
"Hi support team, hope ur having an amazing day. Is there an official community slack channel or discord forum where users can share tips? (ID Token: #5086)",GENERAL
"We need to update our corporate billing address and company VAT number on all future statements. (ID Token: #5065) Thanks in advance for ur swift assistance! By the way, the mobile login page is running incredibly slow today.",BILLING
"Sorry for the interruption but We need to update our corporate billing address and company VAT number on all future statements. (ID Token: #5085) Best regards,",BILLING
Hey! Just reaching out because I would like to request an official employment verification letter with corporate seals for a mortgage. (ID Token: #5042),HR
The text font rendering on the settings portal looks completely broken on safari browsers. (ID Token: #5086),TECHNICAL
"The backend system fails to sync data when users try to update their account preferences. (ID Token: #5059) Also, could u advise where I can fetch my monthly billing receipt?",TECHNICAL
"Our company needs to switch our monthly billing method from a standard credit card to a corporate bank wire transfer. (ID Token: #5012) By the way, the mobile login page is running incredibly slow today.",BILLING
Hey! Just reaching out because We need to update our corporate billing address and company VAT number on all future statements. (ID Token: #5035),BILLING
"Sorry for the interruption but Where should our vendors send our physical invoices this month? (ID Token: #5028) By the way, the mobile login page is running incredibly slow today.",BILLING
The mobile application keeps crashing every time I try to upload a file. (ID Token: #5070) Thanks in advance for ur swift assistance!,TECHNICAL
Sorry for the interruption but The latest software patch broke our custom CSS layout styling on the main user dashboard. (ID Token: #5042),TECHNICAL
Is there an official community slack channel or discord forum where users can share tips? (ID Token: #5036) Thanks in advance for ur swift assistance!,GENERAL
"Hi support team, hope ur having an amazing day. Who is the current CEO of the organization and where can I find the executive leadership page? (ID Token: #5018) Quick side note: I still haven't received my updated payroll tax forms.",GENERAL
How do I update my direct deposit bank routing form on the employee portal? (ID Token: #5021),HR
"Sorry for the interruption but We need to update our corporate billing address and company VAT number on all future statements. (ID Token: #5095) By the way, the mobile login page is running incredibly slow today.",BILLING
"Sorry for the interruption but Can you please process a refund for invoice number #4492? (ID Token: #5051) By the way, the mobile login page is running incredibly slow today.",BILLING
When will the updated payroll schedules and tax forms be released for this year? (ID Token: #5040),HR
"Quick question for someone over there, Is there an official community slack channel or discord forum where users can share tips? (ID Token: #5016) Quick side note: I still haven't received my updated payroll tax forms.",GENERAL
Is there an open public roadmap page where users can submit and vote on upcoming platform feature requests? (ID Token: #5022),GENERAL
"Hi support team, hope ur having an amazing day. Our custom domain configuration is throwing an SSL handshake invalid error. (ID Token: #5078) Please look into this as soon as possible.",TECHNICAL
Hey! Just reaching out because Can you please process a refund for invoice number #4492? (ID Token: #5041),BILLING
Custom domain setup is throwing an invalid SSL handshake error on the main dashboard site.,TECHNICAL
I am planning an extended medical leave next quarter and need the legal medical leave request documents. (ID Token: #5006),HR
Hey! Just reaching out because I would like to request an official employment verification letter with corporate seals for a mortgage. (ID Token: #5082) Please look into this as soon as possible.,HR
I need to report an error in my digital payslip regarding my medical allowance calculation. (ID Token: #5054) Please look into this as soon as possible.,HR
"Hello, I am reaching out hoping u can help me clarify an issue. Can u provide a simple overview of what services ur enterprise plan covers compared to standard? (ID Token: #5049) Please look into this as soon as possible. Quick side note: I still haven't received my updated payroll tax forms.",GENERAL
"Hi support team, hope ur having an amazing day. My payment failed yesterday, but funds were still deducted from my account. Please verify. (ID Token: #5004)",BILLING
Hey! Just reaching out because I am planning an extended medical leave next quarter and need the legal medical leave request documents. (ID Token: #5056) Let me know if u need more details from my end.,HR
Is there an official community slack channel or discord forum where users can share tips? (ID Token: #5076) Thanks in advance for ur swift assistance!,GENERAL
Sorry for the interruption but The mobile application keeps crashing every time I try to upload a file. (ID Token: #5000),TECHNICAL
"I am planning an extended medical leave next quarter and need the legal medical leave request documents. (ID Token: #5026) Best regards,",HR
The billing dashboard page keeps throwing a 500 server error and crashing when I upload things.,TECHNICAL
"Can someone explain the rollover rules for unused paid time off (PTO) at the end of the calendar year? (ID Token: #5013) Best regards,",HR
"Quick question for someone over there, My password reset link is not working and throws an expired token page. (ID Token: #5071) Also, could u advise where I can fetch my monthly billing receipt?",TECHNICAL
"Hey! Just reaching out because Where should our vendors send our physical invoices this month? (ID Token: #5098) Best regards,",BILLING
I would like to request an official employment verification letter with corporate seals for a mortgage. (ID Token: #5092),HR
What is the submission deadline for filing our quarterly dental and health insurance reimbursement claims? (ID Token: #5015),HR
Can u plzz process a refund for invoice number #4492? (ID Token: #5061),BILLING
"Quick question for someone over there, I received a past due notice, but I paid the invoice last week. Here is the confirmation record. (ID Token: #5047) By the way, the mobile login page is running incredibly slow today.",BILLING
"Our company needs to switch our monthly billing method from a standard credit card to a corporate bank wire transfer. (ID Token: #5032) Best regards,",BILLING
"Sorry for the interruption but How do I adjust my contributions to the corporate retirement savings and 401k matching program? (ID Token: #5067) Best regards,",HR
"Hi support team, hope ur having an amazing day. When will the updated payroll schedules and tax forms be released for this year? (ID Token: #5000)",HR
Sorry for the interruption but Where can I read your official updated privacy policy and user data governance regulations? (ID Token: #5074),GENERAL
"I received a past due notice, but I paid the invoice last week. Here is the confirmation record. (ID Token: #5027) By the way, the mobile login page is running incredibly slow today.",BILLING
The software database is timing out. Is there a maintenance holiday schedule page?,TECHNICAL
"Hello, I am reaching out hoping you can help me clarify an issue. When will the updated payroll schedules and tax forms be released for this year? (ID Token: #5030)",HR
"Hi support team, hope ur having an amazing day. When will the updated payroll schedules and tax forms be released for this year? (ID Token: #5060) Please look into this as soon as possible.",HR
Sorry for the interruption but I need to formally process a legal name change on my employee profile due to marriage. (ID Token: #5088) Let me know if u need more details from my end.,HR
"Quick question for someone over there, The latest software patch broke our custom CSS layout styling on the main user dashboard. (ID Token: #5062)",TECHNICAL
"I wanted to leave some positive feedback regarding the new UI interface, it looks much cleaner. (ID Token: #5057) Quick side note: I still haven't received my updated payroll tax forms.",GENERAL
Our custom domain configuration is throwing an SSL handshake invalid error. (ID Token: #5038),TECHNICAL
Our company needs to switch our monthly billing method from a standard credit card to a corporate bank wire transfer. (ID Token: #5062) Let me know if u need more details from my end.,BILLING
"Hello, I am reaching out hoping you can help me clarify an issue. We are experiencing production database timeouts during peak operational hours. (ID Token: #5035) Thanks in advance for ur swift assistance!",TECHNICAL
Sorry for the interruption but Our custom domain configuration is throwing an SSL handshake invalid error. (ID Token: #5028) Let me know if you need more details from my end.,TECHNICAL
Where should our vendors send our physical invoices this month? (ID Token: #5008) Please look into this as soon as possible.,BILLING
"My payment failed yesterday, but funds were still deducted from my account. Please verify. (ID Token: #5064)",BILLING
"Hi support team, hope ur having an amazing day. What are your core operating hours and standard holiday calendar dates? (ID Token: #5000)",GENERAL
"My payment failed yesterday, but funds were still deducted from my account. Please verify. (ID Token: #5014)",BILLING
The text font rendering on the settings portal looks completely broken on safari browsers. (ID Token: #5056) Let me know if you need more details from my end.,TECHNICAL
"I was charged twice this month for my subscription plan. (ID Token: #5040) By the way, the mobile login page is running incredibly slow today.",BILLING
"Sorry for the interruption but I wanted to leave some positive feedback regarding the new UI interface, it looks much cleaner. (ID Token: #5097) Thanks in advance for ur swift assistance!",GENERAL
Where is your corporate headquarters physical street address located for mailing purposes? (ID Token: #5041),GENERAL
"Hello, I am reaching out hoping u can help me clarify an issue. I am planning an extended medical leave next quarter and need the legal medical leave request documents. (ID Token: #5016)",HR
Sorry for the interruption but Who do I contact to upload my updated professional development certification for a salary tier review? (ID Token: #5079) Please look into this as soon as possible.,HR
"Hi support team, hope ur having an amazing day. What are your core operating hours and standard holiday calendar dates? (ID Token: #5080)",GENERAL
I am planning an extended medical leave next quarter and need the legal medical leave request documents. (ID Token: #5036) Thanks in advance for ur swift assistance!,HR
"Quick question for someone over there, How do I adjust my contributions to the corporate retirement savings and 401k matching program? (ID Token: #5007)",HR
I would like to request an official employment verification letter with corporate seals for a mortgage. (ID Token: #5012) Thanks in advance for ur swift assistance!,HR
"What is the submission deadline for filing our quarterly dental and health insurance reimbursement claims? (ID Token: #5095) Best regards,",HR
Hey! Just reaching out because Can u direct me to the media relations contact email address for corporate press kits? (ID Token: #5083),GENERAL
Sorry for the interruption but How do I update my direct deposit bank routing form on the employee portal? (ID Token: #5051),HR
When will our annual payroll tax forms be released on the portal? I need it for a mortgage bank application.,HR
"Hello, I am reaching out hoping u can help me clarify an issue. Where can I read ur official updated privacy policy and user data governance regulations? (ID Token: #5084) Quick side note: I still haven't received my updated payroll tax forms.",GENERAL
Can u direct me to the media relations contact email address for corporate press kits? (ID Token: #5003),GENERAL
Who do I contact to upload my updated professional development certification for a salary tier review? (ID Token: #5069),HR
How do I update my direct deposit bank routing form on the employee portal? (ID Token: #5001),HR
My password reset link is not working and throws an expired token page. (ID Token: #5061) Let me know if u need more details from my end.,TECHNICAL
"Where can I find the updated receipt for my annual renewal transaction? (ID Token: #5043) By the way, the mobile login page is running incredibly slow today.",BILLING
Hey! Just reaching out because How do I adjust my contributions to the corporate retirement savings and 401k matching program? (ID Token: #5017),HR
The mobile application keeps crashing every time I try to upload a file. (ID Token: #5090),TECHNICAL
Can u provide a simple overview of what services ur enterprise plan covers compared to standard? (ID Token: #5009) Please look into this as soon as possible.,GENERAL
"Who do I contact to upload my updated professional development certification for a salary tier review? (ID Token: #5059) Best regards,",HR
We are experiencing production database timeouts during peak operational hours. (ID Token: #5005) Please look into this as soon as possible.,TECHNICAL
"Quick question for someone over there, Where can I find the updated receipt for my annual renewal transaction? (ID Token: #5053) Please look into this as soon as possible.",BILLING
"Quick question for someone over there, Can you please process a refund for invoice number #4492? (ID Token: #5001)",BILLING
"Quick question for someone over there, Our accounting department is requesting a clean copy of your corporate W-9 form for tax filing. (ID Token: #5049) Thanks in advance for ur swift assistance! By the way, the mobile login page is running incredibly slow today.",BILLING
"I was charged twice this month for my subscription plan. (ID Token: #5080) By the way, the mobile login page is running incredibly slow today.",BILLING
What is the submission deadline for filing our quarterly dental and health insurance reimbursement claims? (ID Token: #5005),HR
"My payment failed yesterday, but funds were still deducted from my account. Please verify. (ID Token: #5034) Let me know if u need more details from my end.",BILLING
Sorry for the interruption but Can someone explain the rollover rules for unused paid time off (PTO) at the end of the calendar year? (ID Token: #5063),HR
Can u plzz process a refund for invoice number #4492? (ID Token: #5091),BILLING
Can you provide a simple overview of what services your enterprise plan covers compared to standard? (ID Token: #5039) Thanks in advance for ur swift assistance!,GENERAL
"Hi support team, hope ur having an amazing day. Our company needs to switch our monthly billing method from a standard credit card to a corporate bank wire transfer. (ID Token: #5052) Thanks in advance for ur swift assistance!",BILLING
What time do your support offices open today or do you run a limited schedule over weekends? (ID Token: #5045) Quick side note: I still haven't received my updated payroll tax forms.,GENERAL
I need to report an error in my digital payslip regarding my medical allowance calculation. (ID Token: #5064),HR
"Hello, I am reaching out hoping you can help me clarify an issue. How do I update my direct deposit bank routing form on the employee portal? (ID Token: #5041) Thanks in advance for ur swift assistance!",HR
Where can I find the updated receipt for my annual renewal transaction? (ID Token: #5013),BILLING
What time do your support offices open today or do you run a limited schedule over weekends? (ID Token: #5015) Let me know if you need more details from my end.,GENERAL
Sorry for the interruption but Where should our vendors send our physical invoices this month? (ID Token: #5088),BILLING
Hey! Just reaching out because Can someone explain the rollover rules for unused paid time off (PTO) at the end of the calendar year? (ID Token: #5073),HR
"Hello, I am reaching out hoping u can help me clarify an issue. The text font rendering on the settings portal looks completely broken on safari browsers. (ID Token: #5066) Thanks in advance for ur swift assistance!",TECHNICAL
"Hi support team, hope ur having an amazing day. Who is the current CEO of the organization and where can I find the executive leadership page? (ID Token: #5028)",GENERAL
What are the rules for unused paid time off (PTO) rollover before the office holiday closure?,HR
Sorry for the interruption but The single sign-on (SSO) login system is failing to authenticate users from our active directory. (ID Token: #5034),TECHNICAL
Is there an official community slack channel or discord forum where users can share tips? (ID Token: #5006),GENERAL
"I got an urgent past due notification code, but I paid the renewal statement online last week thnx",BILLING
"Quick question for someone over there, Can u provide a simple overview of what services ur enterprise plan covers compared to standard? (ID Token: #5019) Please look into this as soon as possible.",GENERAL
Hey! Just reaching out because Can someone explain the rollover rules for unused paid time off (PTO) at the end of the calendar year? (ID Token: #5043) Please look into this as soon as possible.,HR
"Quick question for someone over there, My payment failed yesterday, but funds were still deducted from my account. Please verify. (ID Token: #5054)",BILLING
Can you direct me to the media relations contact email address for corporate press kits? (ID Token: #5063),GENERAL
"Hello, I am reaching out hoping you can help me clarify an issue. I was charged twice this month for my subscription plan. (ID Token: #5050) Let me know if you need more details from my end.",BILLING
"The single sign-on (SSO) login system is failing to authenticate users from our active directory. (ID Token: #5074) Also, could you advise where I can fetch my monthly billing receipt?",TECHNICAL
"The backend system fails to sync data when users try to update their account preferences. (ID Token: #5089) Also, could you advise where I can fetch my monthly billing receipt?",TECHNICAL
Is there a community roadmap slack channel where users vote on features or report system bugs?,GENERAL
"I cannot see the submit button on my profile setup page, it is missing from the interface. (ID Token: #5087)",TECHNICAL
The backend system fails to sync data when users try to update their account preferences. (ID Token: #5069),TECHNICAL
"Where should our vendors send our physical invoices this month? (ID Token: #5058) By the way, the mobile login page is running incredibly slow today.",BILLING
"Hello, I am reaching out hoping u can help me clarify an issue. Where should our vendors send our physical invoices this month? (ID Token: #5048) By the way, the mobile login page is running incredibly slow today.",BILLING
Where can I read ur official updated privacy policy and user data governance regulations? (ID Token: #5044) Thanks in advance for ur swift assistance! Quick side note: I still haven't received my updated payroll tax forms.,GENERAL
Sorry for the interruption but What is the submission deadline for filing our quarterly dental and health insurance reimbursement claims? (ID Token: #5035),HR
Sorry for the interruption but I would like to request an official employment verification letter with corporate seals for a mortgage. (ID Token: #5052) Let me know if you need more details from my end.,HR
"Hello, I am reaching out hoping you can help me clarify an issue. Can you please process a refund for invoice number #4492? (ID Token: #5021)",BILLING
Hey! Just reaching out because Can you direct me to the media relations contact email address for corporate press kits? (ID Token: #5013) Thanks in advance for ur swift assistance!,GENERAL
The mobile application keeps crashing every time I try to upload a file. (ID Token: #5060) Please look into this as soon as possible.,TECHNICAL
I am planning an extended medical leave next quarter and need the legal medical leave request documents. (ID Token: #5076) Let me know if you need more details from my end.,HR
My password reset link is not working and throws an expired token page. (ID Token: #5091) Thanks in advance for ur swift assistance!,TECHNICAL
"What time do your support offices open today or do you run a limited schedule over weekends? (ID Token: #5085) Best regards, Quick side note: I still haven't received my updated payroll tax forms.",GENERAL
"Quick question for someone over there, Can someone explain the rollover rules for unused paid time off (PTO) at the end of the calendar year? (ID Token: #5093)",HR
Hey! Just reaching out because Can you direct me to the media relations contact email address for corporate press kits? (ID Token: #5043) Quick side note: I still haven't received my updated payroll tax forms.,GENERAL
How do I adjust my contributions to the corporate retirement savings and 401k matching program? (ID Token: #5057) Thanks in advance for ur swift assistance!,HR
Who is the current CEO of the organization and where can I find the executive leadership page? (ID Token: #5008),GENERAL
The backend system fails to sync data when users try to update their account preferences. (ID Token: #5049) Let me know if you need more details from my end.,TECHNICAL
The mobile application keeps crashing every time I try to upload a file. (ID Token: #5030) Please look into this as soon as possible.,TECHNICAL
Hey! Just reaching out because My password reset link is not working and throws an expired token page. (ID Token: #5051) Please look into this as soon as possible.,TECHNICAL
"Hello, I am reaching out hoping u can help me clarify an issue. Can u provide a simple overview of what services ur enterprise plan covers compared to standard? (ID Token: #5059) Let me know if u need more details from my end. Quick side note: I still haven't received my updated payroll tax forms.",GENERAL
Our accounting department is requesting a clean copy of ur corporate W-9 form for tax filing. (ID Token: #5099) Let me know if u need more details from my end.,BILLING
Is there an open public roadmap page where users can submit and vote on upcoming platform feature requests? (ID Token: #5072) Quick side note: I still haven't received my updated payroll tax forms.,GENERAL
"Hi support team, hope ur having an amazing day. I received a past due notice, but I paid the invoice last week. Here is the confirmation record. (ID Token: #5087)",BILLING
What are ur core operating hours and standard holiday calendar dates? (ID Token: #5030),GENERAL
Sorry for the interruption but I need to report an error in my digital payslip regarding my medical allowance calculation. (ID Token: #5014),HR
My password reset link is not working and throws an expired token page. (ID Token: #5021) Thanks in advance for ur swift assistance!,TECHNICAL
Who is the current CEO of the enterprise and where is the leadership biography information?,GENERAL
Sorry for the interruption but I was charged twice this month for my subscription plan. (ID Token: #5020) Let me know if you need more details from my end.,BILLING
"Our custom domain configuration is throwing an SSL handshake invalid error. (ID Token: #5088) Also, could u advise where I can fetch my monthly billing receipt?",TECHNICAL
"Can u plzz process a refund for invoice number #4492? (ID Token: #5071) Let me know if u need more details from my end. By the way, the mobile login page is running incredibly slow today.",BILLING
The text font rendering on the settings portal looks completely broken on safari browsers. (ID Token: #5006),TECHNICAL
When will the updated payroll schedules and tax forms be released for this year? (ID Token: #5070) Please look into this as soon as possible.,HR
"Hi support team, hope ur having an amazing day. Who is the current CEO of the organization and where can I find the executive leadership page? (ID Token: #5048) Quick side note: I still haven't received my updated payroll tax forms.",GENERAL
"Hey! Just reaching out because The latest software patch broke our custom CSS layout styling on the main user dashboard. (ID Token: #5002) Also, could you advise where I can fetch my monthly billing receipt?",TECHNICAL
